Özellik,Önem
ap_hi,0.5381384
cholesterol,0.13799225
age,0.058482736
active,0.04206659
smoke,0.040284242
gluc,0.040084198
alco,0.03502739
gender_Kadın,0.028698234
ap_lo,0.028470054
weight,0.027705044
height,0.023050915
